# ADR-0111, George 2026-10-02: per-skin corrections, one key of one section
# each. `from` is the value upstream ships, and must still be what the pack
# holds or the build fails. Two kinds: a key that draws metadata where it
# cannot be read (text off the screen, the colour of what is behind it,
# under a frame), and a picture named with a typo of a file that is in the
# skin's own folder. Each row is recorded in the pack's doc folder (fixed.txt).
size	folder	kind	skin	key	from	to	reason
1280x400	1280x400_nad_6100	templates	nad-6100	playinfo.title.color	134,44,66	235,70,90	the title is dark red on dark grey (contrast 1.4:1): the same red, lighter
1280x400	1280x400_nad_6100	templates	nad-6100	playinfo.artist.color	134,44,66	235,70,90	the artist is dark red on dark grey (contrast 1.3:1): the same red, lighter
1480x320	gelo5	templates	57G5_SG ONLY meters	time.remaining.color	0,0,0	150,150,150	the remaining time is black on black: the skin's own font.color
1920x1080	1920x1080_g5_RADIO	templates	514G5_Auna FM	playinfo.artist.color	-	60,60,60	the artist takes font.color, light grey on a light plate (contrast 1.5:1): dark grey
800x480	800x480_g5_713_CD	templates	178G5_Thinkya Cust	playstate.icon	icons/THY.png,icons/THY_pause.png,icons/THY_play.png	icons/THY_stop.png,icons/THY_pause.png,icons/THY_play.png	icons/THY.png is not in the pack; THY_stop.png is, and is the stop state the list's first entry names
1280x800	1280x720_g5_713_CD	templates	178G5_Thinkya Cust	playstate.icon	icons/THY.png,icons/THY_pause.png,icons/THY_play.png	icons/THY_stop.png,icons/THY_pause.png,icons/THY_play.png	icons/THY.png is not in the pack; THY_stop.png is, and is the stop state the list's first entry names
1920x1080	1920x1080_g5_713_CD	templates	178G5_Thinkya Cust	playstate.icon	icons/THY.png,icons/THY_pause.png,icons/THY_play.png	icons/THY_stop.png,icons/THY_pause.png,icons/THY_play.png	icons/THY.png is not in the pack; THY_stop.png is, and is the stop state the list's first entry names
1920x1080	1920x1080_g5_RADIO	templates	502G5_Retro	progress.slider.tip	retro_tip.png	Retro_tip.png	the file is Retro_tip.png: the name differs in case only
1920x1080	1920x1080_g5_RADIO	templates	515G5_Denver	progress.slider.tip	retro_tip.png	Retro_tip.png	the file is Retro_tip.png: the name differs in case only
